file_path,pdf_folder,umap_x,umap_y
../Data/images\FS1\page_001.png,FS1,2.6124754,-15.922188
../Data/images\FS1\page_002.png,FS1,2.5314386,-15.903722
../Data/images\FS1\page_003.png,FS1,5.8699675,-11.656687
../Data/images\FS1\page_004.png,FS1,5.786072,-12.089215
../Data/images\FS1\page_005.png,FS1,2.7380576,-10.235924
../Data/images\FS1\page_006.png,FS1,13.629881,-13.217127
../Data/images\FS1\page_007.png,FS1,11.119901,-12.863474
../Data/images\FS1\page_008.png,FS1,15.107943,-13.064105
../Data/images\FS1\page_009.png,FS1,13.244109,-13.4073305
../Data/images\FS1\page_010.png,FS1,13.925607,-12.985261
../Data/images\FS1\page_011.png,FS1,3.5329885,-9.708819
../Data/images\FS1\page_012.png,FS1,4.6283274,-10.768078
../Data/images\FS1\page_013.png,FS1,3.4833832,-9.65195
../Data/images\FS1\page_014.png,FS1,4.124452,-9.219542
../Data/images\FS1\page_015.png,FS1,3.128034,-10.442351
../Data/images\FS1\page_016.png,FS1,4.0857396,-9.243491
../Data/images\FS1\page_017.png,FS1,2.7918038,-10.41263
../Data/images\FS1\page_018.png,FS1,3.6775053,-9.595126
../Data/images\FS1\page_019.png,FS1,3.379265,-9.6926565
../Data/images\FS1\page_020.png,FS1,5.3139625,-11.444292
../Data/images\FS1\page_021.png,FS1,15.146666,-12.996699
../Data/images\FS1\page_022.png,FS1,15.158601,-13.020611
../Data/images\FS1\page_023.png,FS1,9.630472,-12.935552
../Data/images\FS1\page_024.png,FS1,11.592778,-13.184783
../Data/images\FS1\page_025.png,FS1,9.766615,-12.190795
../Data/images\FS1\page_026.png,FS1,11.511323,-12.483957
../Data/images\FS1\page_027.png,FS1,10.637601,-12.210108
../Data/images\FS1\page_028.png,FS1,10.926611,-12.502521
../Data/images\FS1\page_029.png,FS1,15.121527,-13.077097
../Data/images\FS1\page_030.png,FS1,12.249727,-12.741787
../Data/images\FS1\page_031.png,FS1,10.496922,-12.037649
../Data/images\FS1\page_032.png,FS1,11.4688425,-11.63531
../Data/images\FS1\page_033.png,FS1,5.7767344,-9.161097
../Data/images\FS10\page_001.png,FS10,2.814045,-15.617248
../Data/images\FS10\page_002.png,FS10,1.4653664,-16.195562
../Data/images\FS10\page_003.png,FS10,5.8709507,-11.624848
../Data/images\FS10\page_004.png,FS10,5.7936664,-11.67937
../Data/images\FS10\page_005.png,FS10,2.749788,-10.277304
../Data/images\FS10\page_006.png,FS10,13.910861,-14.004228
../Data/images\FS10\page_007.png,FS10,13.901366,-14.016208
../Data/images\FS10\page_008.png,FS10,13.950442,-12.882699
../Data/images\FS10\page_009.png,FS10,11.973004,-13.307031
../Data/images\FS10\page_010.png,FS10,13.96971,-13.83736
../Data/images\FS10\page_011.png,FS10,11.68932,-11.6063595
../Data/images\FS10\page_012.png,FS10,3.8069918,-9.990045
../Data/images\FS10\page_013.png,FS10,3.8803167,-9.8492565
../Data/images\FS10\page_014.png,FS10,4.510613,-9.377177
../Data/images\FS10\page_015.png,FS10,3.4899094,-9.653244
../Data/images\FS10\page_016.png,FS10,2.8759098,-10.086517
../Data/images\FS10\page_017.png,FS10,2.9992156,-9.867889
../Data/images\FS10\page_018.png,FS10,3.0148041,-10.231995
../Data/images\FS10\page_019.png,FS10,4.483149,-9.311732
../Data/images\FS10\page_020.png,FS10,4.70204,-10.526258
../Data/images\FS10\page_021.png,FS10,3.6961405,-9.367059
../Data/images\FS10\page_022.png,FS10,4.6306567,-8.847045
../Data/images\FS10\page_023.png,FS10,13.886078,-11.659327
../Data/images\FS10\page_024.png,FS10,13.132237,-12.081341
../Data/images\FS10\page_025.png,FS10,11.467612,-12.846585
../Data/images\FS10\page_026.png,FS10,12.42064,-12.022813
../Data/images\FS10\page_027.png,FS10,12.721865,-12.325114
../Data/images\FS10\page_028.png,FS10,11.051636,-12.231718
../Data/images\FS10\page_029.png,FS10,10.962982,-11.970735
../Data/images\FS10\page_030.png,FS10,11.195127,-12.663305
../Data/images\FS10\page_031.png,FS10,12.652686,-13.28087
../Data/images\FS10\page_032.png,FS10,11.587572,-13.40652
../Data/images\FS10\page_033.png,FS10,13.4160385,-12.251706
../Data/images\FS10\page_034.png,FS10,11.02783,-12.690929
../Data/images\FS10\page_035.png,FS10,11.137236,-11.670922
../Data/images\FS10\page_036.png,FS10,8.564673,-12.201659
../Data/images\FS10\page_037.png,FS10,11.69271,-11.692618
../Data/images\FS11\page_001.png,FS11,2.8441603,-15.5723095
../Data/images\FS11\page_002.png,FS11,1.5931884,-16.111572
../Data/images\FS11\page_003.png,FS11,5.7811933,-11.390315
../Data/images\FS11\page_004.png,FS11,5.721579,-11.635004
../Data/images\FS11\page_005.png,FS11,2.6731837,-10.299206
../Data/images\FS11\page_006.png,FS11,14.084888,-13.886537
../Data/images\FS11\page_007.png,FS11,13.861949,-13.715444
../Data/images\FS11\page_008.png,FS11,14.11083,-12.771715
../Data/images\FS11\page_009.png,FS11,13.981901,-13.909445
../Data/images\FS11\page_010.png,FS11,8.825071,-12.055144
../Data/images\FS11\page_011.png,FS11,2.7511237,-10.28893
../Data/images\FS11\page_012.png,FS11,2.9075003,-10.077906
../Data/images\FS11\page_013.png,FS11,3.085151,-9.901264
../Data/images\FS11\page_014.png,FS11,3.2080638,-9.790053
../Data/images\FS11\page_015.png,FS11,3.8275025,-9.479328
../Data/images\FS11\page_016.png,FS11,4.0796666,-13.319402
../Data/images\FS11\page_017.png,FS11,13.725518,-12.117596
../Data/images\FS11\page_018.png,FS11,9.312638,-12.634891
../Data/images\FS11\page_019.png,FS11,11.623118,-13.097034
../Data/images\FS11\page_020.png,FS11,10.65982,-12.175147
../Data/images\FS11\page_021.png,FS11,10.779565,-12.565533
../Data/images\FS11\page_022.png,FS11,9.984124,-12.923502
../Data/images\FS11\page_023.png,FS11,10.853604,-12.323937
../Data/images\FS11\page_024.png,FS11,11.641022,-11.822545
../Data/images\FS11\page_025.png,FS11,4.977595,-12.321134
../Data/images\FS11\page_026.png,FS11,3.1319914,-14.644578
../Data/images\FS12\page_001.png,FS12,2.6872513,-15.829116
../Data/images\FS12\page_002.png,FS12,2.849652,-15.114134
../Data/images\FS12\page_003.png,FS12,4.5690846,-12.091872
../Data/images\FS12\page_004.png,FS12,4.6982703,-12.185222
../Data/images\FS12\page_005.png,FS12,4.436699,-12.131314
../Data/images\FS12\page_006.png,FS12,4.639421,-12.241686
../Data/images\FS12\page_007.png,FS12,13.256459,-13.89788
../Data/images\FS12\page_008.png,FS12,13.1500435,-14.073229
../Data/images\FS12\page_009.png,FS12,14.954219,-13.195731
../Data/images\FS12\page_010.png,FS12,13.21239,-14.204551
../Data/images\FS12\page_011.png,FS12,12.022678,-11.864414
../Data/images\FS12\page_012.png,FS12,11.778356,-11.588851
../Data/images\FS12\page_013.png,FS12,5.0074873,-8.994709
../Data/images\FS12\page_014.png,FS12,5.225639,-11.353397
../Data/images\FS12\page_015.png,FS12,4.939475,-11.771084
../Data/images\FS12\page_016.png,FS12,5.947485,-11.416543
../Data/images\FS12\page_017.png,FS12,5.977141,-9.724753
../Data/images\FS12\page_018.png,FS12,4.7947083,-10.395267
../Data/images\FS12\page_019.png,FS12,6.064201,-10.054681
../Data/images\FS12\page_020.png,FS12,5.1856976,-9.945564
../Data/images\FS12\page_021.png,FS12,5.159907,-9.105889
../Data/images\FS12\page_022.png,FS12,5.853606,-9.417354
../Data/images\FS12\page_023.png,FS12,5.383091,-11.752519
../Data/images\FS12\page_024.png,FS12,5.6781197,-10.664114
../Data/images\FS12\page_025.png,FS12,5.6139812,-9.579662
../Data/images\FS12\page_026.png,FS12,4.9333963,-10.451908
../Data/images\FS12\page_027.png,FS12,5.1404014,-9.292798
../Data/images\FS12\page_028.png,FS12,5.6860127,-9.040814
../Data/images\FS12\page_029.png,FS12,4.901696,-9.965484
../Data/images\FS12\page_030.png,FS12,5.793216,-9.073917
../Data/images\FS12\page_031.png,FS12,3.719191,-9.904931
../Data/images\FS12\page_032.png,FS12,14.964119,-12.907884
../Data/images\FS12\page_033.png,FS12,12.348835,-12.393275
../Data/images\FS12\page_034.png,FS12,10.992214,-11.387428
../Data/images\FS12\page_035.png,FS12,4.047791,-13.766675
../Data/images\FS12\page_036.png,FS12,14.343021,-11.685787
../Data/images\FS12\page_037.png,FS12,11.187949,-12.623467
../Data/images\FS12\page_038.png,FS12,10.692834,-12.605709
../Data/images\FS12\page_039.png,FS12,11.321973,-12.67173
../Data/images\FS12\page_040.png,FS12,5.4445653,-9.325441
../Data/images\FS12\page_041.png,FS12,8.434868,-12.041329
../Data/images\FS12\page_042.png,FS12,5.0355887,-12.406534
../Data/images\FS12\page_043.png,FS12,10.768519,-11.210817
../Data/images\FS12\page_044.png,FS12,9.246428,-12.233197
../Data/images\FS12\page_045.png,FS12,11.845129,-12.331407
../Data/images\FS12\page_046.png,FS12,11.28729,-13.088658
../Data/images\FS12\page_047.png,FS12,6.5449176,-11.446307
../Data/images\FS12\page_048.png,FS12,12.490881,-13.071994
../Data/images\FS12\page_049.png,FS12,11.436236,-13.248542
../Data/images\FS12\page_050.png,FS12,11.789075,-13.189403
../Data/images\FS12\page_051.png,FS12,4.1499357,-13.324199
../Data/images\FS12\page_052.png,FS12,14.442766,-12.508626
../Data/images\FS12\page_053.png,FS12,15.104886,-12.966274
../Data/images\FS12\page_054.png,FS12,5.2422776,-10.29597
../Data/images\FS12\page_055.png,FS12,11.613233,-11.481056
../Data/images\FS12\page_056.png,FS12,13.540438,-11.352456
../Data/images\FS12\page_057.png,FS12,10.689266,-12.449589
../Data/images\FS12\page_058.png,FS12,4.396535,-13.846156
../Data/images\FS12\page_059.png,FS12,15.072506,-13.021161
../Data/images\FS12\page_060.png,FS12,15.090879,-13.078428
../Data/images\FS12\page_061.png,FS12,8.753542,-12.307794
../Data/images\FS12\page_062.png,FS12,10.11525,-12.942554
../Data/images\FS12\page_063.png,FS12,10.670512,-13.157547
../Data/images\FS12\page_064.png,FS12,4.524556,-10.987011
../Data/images\FS13\page_001.png,FS13,2.6821167,-15.786115
../Data/images\FS13\page_002.png,FS13,1.5250231,-16.151905
../Data/images\FS13\page_003.png,FS13,4.7925377,-11.175908
../Data/images\FS13\page_004.png,FS13,3.7264822,-12.086168
../Data/images\FS13\page_005.png,FS13,3.8918002,-12.3716545
../Data/images\FS13\page_006.png,FS13,13.682319,-13.534271
../Data/images\FS13\page_007.png,FS13,14.106209,-13.878493
../Data/images\FS13\page_008.png,FS13,15.112406,-13.118314
../Data/images\FS13\page_009.png,FS13,13.654164,-13.455056
../Data/images\FS13\page_010.png,FS13,11.757857,-11.8934765
../Data/images\FS13\page_011.png,FS13,5.8642364,-9.182047
../Data/images\FS13\page_012.png,FS13,4.0106654,-9.271704
../Data/images\FS13\page_013.png,FS13,4.3336897,-8.983306
../Data/images\FS13\page_014.png,FS13,5.2589636,-8.87935
../Data/images\FS13\page_015.png,FS13,10.32717,-11.526824
../Data/images\FS13\page_016.png,FS13,4.965845,-10.5690565
../Data/images\FS13\page_017.png,FS13,4.7720056,-10.305919
../Data/images\FS13\page_018.png,FS13,6.0821133,-9.314398
../Data/images\FS13\page_019.png,FS13,4.999566,-10.40405
../Data/images\FS13\page_020.png,FS13,5.7114186,-10.242017
../Data/images\FS13\page_021.png,FS13,5.669712,-9.76065
../Data/images\FS13\page_022.png,FS13,6.199688,-9.12396
../Data/images\FS13\page_023.png,FS13,13.947606,-11.696851
../Data/images\FS13\page_024.png,FS13,10.420202,-13.398737
../Data/images\FS13\page_025.png,FS13,10.480971,-13.320266
../Data/images\FS13\page_026.png,FS13,10.490928,-11.947231
../Data/images\FS13\page_027.png,FS13,10.90493,-12.913647
../Data/images\FS13\page_028.png,FS13,11.158304,-11.358764
../Data/images\FS13\page_029.png,FS13,9.1596985,-12.629185
../Data/images\FS13\page_030.png,FS13,12.718582,-11.663963
../Data/images\FS13\page_031.png,FS13,10.800873,-11.066189
../Data/images\FS13\page_032.png,FS13,10.390214,-12.816191
../Data/images\FS13\page_033.png,FS13,11.012395,-13.220933
../Data/images\FS13\page_034.png,FS13,10.462411,-12.392415
../Data/images\FS13\page_035.png,FS13,9.261856,-12.5186615
../Data/images\FS13\page_036.png,FS13,6.2719154,-9.952817
../Data/images\FS13\page_037.png,FS13,13.175605,-11.301029
../Data/images\FS13\page_038.png,FS13,6.144889,-9.810197
../Data/images\FS13\page_039.png,FS13,3.1579967,-14.738735
../Data/images\FS14\page_001.png,FS14,3.2063475,-15.019775
../Data/images\FS14\page_002.png,FS14,1.5811684,-16.104115
../Data/images\FS14\page_003.png,FS14,4.7516036,-11.900601
../Data/images\FS14\page_004.png,FS14,5.217134,-12.720564
../Data/images\FS14\page_005.png,FS14,4.081435,-10.1857815
../Data/images\FS14\page_006.png,FS14,4.6460695,-12.570215
../Data/images\FS14\page_007.png,FS14,12.623977,-12.50366
../Data/images\FS14\page_008.png,FS14,12.65121,-13.461223
../Data/images\FS14\page_009.png,FS14,15.032898,-13.098202
../Data/images\FS14\page_010.png,FS14,13.580854,-13.87287
../Data/images\FS14\page_011.png,FS14,2.982472,-10.365468
../Data/images\FS14\page_012.png,FS14,3.556394,-11.391964
../Data/images\FS14\page_013.png,FS14,3.5413015,-11.977293
../Data/images\FS14\page_014.png,FS14,3.4985924,-11.959272
../Data/images\FS14\page_015.png,FS14,3.7797651,-12.086998
../Data/images\FS14\page_016.png,FS14,3.514924,-11.89232
../Data/images\FS14\page_017.png,FS14,3.4690907,-11.914287
../Data/images\FS14\page_018.png,FS14,3.4166722,-11.81567
../Data/images\FS14\page_019.png,FS14,3.4517288,-11.918468
../Data/images\FS14\page_020.png,FS14,3.5563188,-12.019062
../Data/images\FS14\page_021.png,FS14,3.7518759,-11.606361
../Data/images\FS14\page_022.png,FS14,3.1751344,-10.406268
../Data/images\FS14\page_023.png,FS14,15.125603,-13.022045
../Data/images\FS14\page_024.png,FS14,12.583395,-14.108965
../Data/images\FS14\page_025.png,FS14,12.187458,-13.892242
../Data/images\FS14\page_026.png,FS14,12.005545,-13.897258
../Data/images\FS14\page_027.png,FS14,12.218442,-14.028532
../Data/images\FS14\page_028.png,FS14,12.239212,-14.180375
../Data/images\FS14\page_029.png,FS14,12.077894,-13.942091
../Data/images\FS14\page_030.png,FS14,3.3753853,-11.525646
../Data/images\FS14\page_031.png,FS14,12.121168,-14.083231
../Data/images\FS14\page_032.png,FS14,12.184506,-13.297929
../Data/images\FS14\page_033.png,FS14,12.098355,-13.974428
../Data/images\FS14\page_034.png,FS14,4.1364393,-10.67169
../Data/images\FS14\page_035.png,FS14,11.829143,-11.608514
../Data/images\FS14\page_036.png,FS14,15.04058,-13.160982
../Data/images\FS14\page_037.png,FS14,15.153689,-13.060777
../Data/images\FS14\page_038.png,FS14,4.153288,-10.086124
../Data/images\FS14\page_039.png,FS14,12.753908,-12.614702
../Data/images\FS14\page_040.png,FS14,11.608348,-11.704685
../Data/images\FS15\page_001.png,FS15,2.7244146,-15.750616
../Data/images\FS15\page_002.png,FS15,1.9666847,-15.805022
../Data/images\FS15\page_003.png,FS15,5.8089995,-11.603098
../Data/images\FS15\page_004.png,FS15,5.813688,-11.195837
../Data/images\FS15\page_005.png,FS15,2.8751273,-10.089644
../Data/images\FS15\page_006.png,FS15,13.19417,-13.440177
../Data/images\FS15\page_007.png,FS15,12.981101,-13.366414
../Data/images\FS15\page_008.png,FS15,15.145764,-13.053316
../Data/images\FS15\page_009.png,FS15,13.411171,-13.010302
../Data/images\FS15\page_010.png,FS15,5.3496313,-11.032655
../Data/images\FS15\page_011.png,FS15,2.7088196,-10.137835
../Data/images\FS15\page_012.png,FS15,4.0394473,-10.130653
../Data/images\FS15\page_013.png,FS15,5.241927,-11.155063
../Data/images\FS15\page_014.png,FS15,3.6220775,-9.51427
../Data/images\FS15\page_015.png,FS15,3.391572,-10.47328
../Data/images\FS15\page_016.png,FS15,2.8711226,-10.278627
../Data/images\FS15\page_017.png,FS15,5.6738915,-11.319132
../Data/images\FS15\page_018.png,FS15,5.171022,-10.429834
../Data/images\FS15\page_019.png,FS15,5.0873427,-10.448183
../Data/images\FS15\page_020.png,FS15,5.1764417,-11.123546
../Data/images\FS15\page_021.png,FS15,15.14778,-13.024871
../Data/images\FS15\page_022.png,FS15,11.829018,-13.686174
../Data/images\FS15\page_023.png,FS15,11.913372,-13.920027
../Data/images\FS15\page_024.png,FS15,11.828789,-13.747026
../Data/images\FS15\page_025.png,FS15,12.098708,-14.009657
../Data/images\FS15\page_026.png,FS15,8.082717,-11.552358
../Data/images\FS15\page_027.png,FS15,10.505146,-12.516188
../Data/images\FS15\page_028.png,FS15,9.586537,-12.906942
../Data/images\FS15\page_029.png,FS15,11.73159,-13.509717
../Data/images\FS15\page_030.png,FS15,5.287823,-11.524496
../Data/images\FS15\page_031.png,FS15,10.76113,-12.425948
../Data/images\FS15\page_032.png,FS15,11.595636,-12.107838
../Data/images\FS15\page_033.png,FS15,4.535245,-10.698187
../Data/images\FS15\page_034.png,FS15,3.28503,-14.469238
../Data/images\FS16\page_001.png,FS16,2.9132488,-15.212128
../Data/images\FS16\page_002.png,FS16,1.7335277,-16.023052
../Data/images\FS16\page_003.png,FS16,4.4206996,-11.295793
../Data/images\FS16\page_004.png,FS16,5.3802137,-12.708954
../Data/images\FS16\page_005.png,FS16,3.5977614,-10.396412
../Data/images\FS16\page_006.png,FS16,4.2790704,-12.934573
../Data/images\FS16\page_007.png,FS16,13.348782,-13.547528
../Data/images\FS16\page_008.png,FS16,11.552317,-12.926191
../Data/images\FS16\page_009.png,FS16,12.980024,-12.213765
../Data/images\FS16\page_010.png,FS16,12.1714525,-13.417249
../Data/images\FS16\page_011.png,FS16,3.3953671,-14.896923
../Data/images\FS16\page_012.png,FS16,6.061283,-9.460469
../Data/images\FS16\page_013.png,FS16,4.22762,-11.04388
../Data/images\FS16\page_014.png,FS16,4.4074974,-9.638872
../Data/images\FS16\page_015.png,FS16,4.740681,-13.541126
../Data/images\FS16\page_016.png,FS16,4.2329874,-9.795867
../Data/images\FS16\page_017.png,FS16,4.2203364,-10.748195
../Data/images\FS16\page_018.png,FS16,4.729267,-10.17408
../Data/images\FS16\page_019.png,FS16,4.6464386,-11.002953
../Data/images\FS16\page_020.png,FS16,4.502504,-9.474084
../Data/images\FS16\page_021.png,FS16,4.6662393,-9.691241
../Data/images\FS16\page_022.png,FS16,4.7211385,-9.398282
../Data/images\FS16\page_023.png,FS16,4.2686086,-13.705814
../Data/images\FS16\page_024.png,FS16,4.6365485,-9.59667
../Data/images\FS16\page_025.png,FS16,5.8490357,-9.891009
../Data/images\FS16\page_026.png,FS16,5.5045853,-9.12508
../Data/images\FS16\page_027.png,FS16,4.6477427,-10.032887
../Data/images\FS16\page_028.png,FS16,5.8288684,-12.13082
../Data/images\FS16\page_029.png,FS16,5.5265374,-11.817174
../Data/images\FS16\page_030.png,FS16,4.483711,-10.905267
../Data/images\FS16\page_031.png,FS16,4.1933694,-10.803404
../Data/images\FS16\page_032.png,FS16,4.4971323,-11.072054
../Data/images\FS16\page_033.png,FS16,11.791667,-11.823672
../Data/images\FS16\page_034.png,FS16,12.959024,-11.536227
../Data/images\FS16\page_035.png,FS16,11.034748,-13.649434
../Data/images\FS16\page_036.png,FS16,4.5023403,-13.696162
../Data/images\FS16\page_037.png,FS16,10.129268,-12.203045
../Data/images\FS16\page_038.png,FS16,9.433931,-11.641434
../Data/images\FS16\page_039.png,FS16,10.001491,-12.437474
../Data/images\FS16\page_040.png,FS16,11.015548,-13.193788
../Data/images\FS16\page_041.png,FS16,11.162534,-13.445897
../Data/images\FS16\page_042.png,FS16,8.659321,-11.582868
../Data/images\FS16\page_043.png,FS16,9.856891,-12.254532
../Data/images\FS16\page_044.png,FS16,4.7471995,-13.581098
../Data/images\FS16\page_045.png,FS16,10.900695,-13.58303
../Data/images\FS16\page_046.png,FS16,11.499581,-13.464536
../Data/images\FS16\page_047.png,FS16,10.505895,-12.660563
../Data/images\FS16\page_048.png,FS16,11.171275,-13.440506
../Data/images\FS16\page_049.png,FS16,10.149868,-11.745609
../Data/images\FS16\page_050.png,FS16,11.3905115,-11.952372
../Data/images\FS16\page_051.png,FS16,5.9244547,-9.845764
../Data/images\FS16\page_052.png,FS16,9.429572,-11.673825
../Data/images\FS16\page_053.png,FS16,10.388074,-11.938512
../Data/images\FS16\page_054.png,FS16,11.351596,-12.2671
../Data/images\FS16\page_055.png,FS16,12.797208,-12.37115
../Data/images\FS16\page_056.png,FS16,13.555006,-11.69557
../Data/images\FS16\page_057.png,FS16,4.6224623,-13.6825285
../Data/images\FS17\page_001.png,FS17,2.7468424,-15.723186
../Data/images\FS17\page_002.png,FS17,1.491102,-16.178833
../Data/images\FS17\page_003.png,FS17,5.9567943,-11.65155
../Data/images\FS17\page_004.png,FS17,5.9704494,-11.201687
../Data/images\FS17\page_005.png,FS17,4.722266,-12.974875
../Data/images\FS17\page_006.png,FS17,13.071488,-13.540113
../Data/images\FS17\page_007.png,FS17,12.938239,-13.216236
../Data/images\FS17\page_008.png,FS17,14.016714,-11.857378
../Data/images\FS17\page_009.png,FS17,13.52957,-13.69485
../Data/images\FS17\page_010.png,FS17,11.603147,-11.43953
../Data/images\FS17\page_011.png,FS17,11.329504,-12.263021
../Data/images\FS17\page_012.png,FS17,3.9896405,-9.665429
../Data/images\FS17\page_013.png,FS17,4.210185,-13.437241
../Data/images\FS17\page_014.png,FS17,4.919739,-12.713574
../Data/images\FS17\page_015.png,FS17,3.8053946,-9.383734
../Data/images\FS17\page_016.png,FS17,3.5088494,-10.375106
../Data/images\FS17\page_017.png,FS17,3.492664,-10.414359
../Data/images\FS17\page_018.png,FS17,4.7832456,-9.172604
../Data/images\FS17\page_019.png,FS17,4.912193,-8.934206
../Data/images\FS17\page_020.png,FS17,11.479335,-11.516007
../Data/images\FS17\page_021.png,FS17,14.198715,-11.575536
../Data/images\FS17\page_022.png,FS17,11.609394,-12.937487
../Data/images\FS17\page_023.png,FS17,13.340298,-12.139684
../Data/images\FS17\page_024.png,FS17,11.737442,-13.299471
../Data/images\FS17\page_025.png,FS17,10.521507,-11.793483
../Data/images\FS17\page_026.png,FS17,12.57785,-12.030223
../Data/images\FS17\page_027.png,FS17,12.469388,-12.236044
../Data/images\FS17\page_028.png,FS17,11.924819,-13.42475
../Data/images\FS17\page_029.png,FS17,12.39051,-13.047935
../Data/images\FS17\page_030.png,FS17,13.735243,-11.653503
../Data/images\FS17\page_031.png,FS17,11.076729,-12.187515
../Data/images\FS17\page_032.png,FS17,11.31513,-11.434883
../Data/images\FS17\page_033.png,FS17,14.136785,-11.454966
../Data/images\FS18\page_001.png,FS18,2.7683473,-15.732626
../Data/images\FS18\page_002.png,FS18,1.5029354,-16.168396
../Data/images\FS18\page_003.png,FS18,5.9589753,-11.604912
../Data/images\FS18\page_004.png,FS18,5.957925,-11.233898
../Data/images\FS18\page_005.png,FS18,6.1227493,-11.10885
../Data/images\FS18\page_006.png,FS18,4.6809025,-13.10573
../Data/images\FS18\page_007.png,FS18,13.34338,-13.281169
../Data/images\FS18\page_008.png,FS18,12.188359,-12.432305
../Data/images\FS18\page_009.png,FS18,14.315387,-11.691993
../Data/images\FS18\page_010.png,FS18,12.717208,-13.191553
../Data/images\FS18\page_011.png,FS18,8.691657,-11.533849
../Data/images\FS18\page_012.png,FS18,3.8969057,-9.370147
../Data/images\FS18\page_013.png,FS18,2.9560523,-10.157744
../Data/images\FS18\page_014.png,FS18,4.748527,-10.866746
../Data/images\FS18\page_015.png,FS18,3.671122,-10.198677
../Data/images\FS18\page_016.png,FS18,4.1567636,-10.338511
../Data/images\FS18\page_017.png,FS18,3.533352,-10.253822
../Data/images\FS18\page_018.png,FS18,4.974498,-8.754726
../Data/images\FS18\page_019.png,FS18,3.9601402,-9.646862
../Data/images\FS18\page_020.png,FS18,4.2893686,-9.316567
../Data/images\FS18\page_021.png,FS18,3.426367,-9.74973
../Data/images\FS18\page_022.png,FS18,14.061838,-11.493884
../Data/images\FS18\page_023.png,FS18,14.189622,-11.493389
../Data/images\FS18\page_024.png,FS18,11.469973,-13.473591
../Data/images\FS18\page_025.png,FS18,10.533672,-11.73816
../Data/images\FS18\page_026.png,FS18,12.059791,-12.965248
../Data/images\FS18\page_027.png,FS18,11.740126,-12.25663
../Data/images\FS18\page_028.png,FS18,3.6386492,-10.00902
../Data/images\FS18\page_029.png,FS18,7.4360566,-10.891356
../Data/images\FS18\page_030.png,FS18,11.161751,-13.296419
../Data/images\FS18\page_031.png,FS18,10.754807,-13.073493
../Data/images\FS18\page_032.png,FS18,11.800612,-13.273585
../Data/images\FS18\page_033.png,FS18,9.388745,-12.664339
../Data/images\FS18\page_034.png,FS18,5.316092,-10.458415
../Data/images\FS18\page_035.png,FS18,12.914411,-11.990791
../Data/images\FS18\page_036.png,FS18,5.250841,-10.722532
../Data/images\FS19\page_001.png,FS19,2.7547972,-15.749698
../Data/images\FS19\page_002.png,FS19,1.7208071,-16.02119
../Data/images\FS19\page_003.png,FS19,4.6437078,-11.87612
../Data/images\FS19\page_004.png,FS19,4.7789164,-12.681777
../Data/images\FS19\page_005.png,FS19,13.770456,-13.405755
../Data/images\FS19\page_006.png,FS19,13.340828,-12.997073
../Data/images\FS19\page_007.png,FS19,14.31937,-12.159115
../Data/images\FS19\page_008.png,FS19,13.546984,-13.581484
../Data/images\FS19\page_009.png,FS19,4.950914,-11.456178
../Data/images\FS19\page_010.png,FS19,5.223344,-13.096124
../Data/images\FS19\page_011.png,FS19,6.340568,-12.4444065
../Data/images\FS19\page_012.png,FS19,4.971123,-11.724895
../Data/images\FS19\page_013.png,FS19,6.141568,-12.433267
../Data/images\FS19\page_014.png,FS19,6.148605,-12.496423
../Data/images\FS19\page_015.png,FS19,4.922821,-11.879255
../Data/images\FS19\page_016.png,FS19,5.904696,-12.738435
../Data/images\FS19\page_017.png,FS19,6.3321977,-11.975802
../Data/images\FS19\page_018.png,FS19,6.266071,-12.158011
../Data/images\FS19\page_019.png,FS19,6.3306065,-12.404963
../Data/images\FS19\page_020.png,FS19,9.417297,-12.681635
../Data/images\FS19\page_021.png,FS19,6.551651,-12.491187
../Data/images\FS19\page_022.png,FS19,14.444076,-12.005595
../Data/images\FS19\page_023.png,FS19,14.452608,-11.876321
../Data/images\FS19\page_024.png,FS19,3.2303555,-14.750831
../Data/images\FS19\page_025.png,FS19,13.672257,-12.686589
../Data/images\FS19\page_026.png,FS19,13.882284,-12.331297
../Data/images\FS19\page_027.png,FS19,14.102092,-12.22695
../Data/images\FS19\page_028.png,FS19,12.856804,-12.853
../Data/images\FS19\page_029.png,FS19,14.270273,-11.834238
../Data/images\FS19\page_030.png,FS19,13.951054,-12.236646
../Data/images\FS19\page_031.png,FS19,11.531679,-11.4414215
../Data/images\FS19\page_032.png,FS19,3.0081038,-14.816521
../Data/images\FS19\page_033.png,FS19,14.287574,-11.916626
../Data/images\FS19\page_034.png,FS19,12.927045,-12.3374605
../Data/images\FS19\page_035.png,FS19,6.589747,-12.512435
../Data/images\FS19\page_036.png,FS19,6.267657,-12.519935
../Data/images\FS19\page_037.png,FS19,10.956162,-13.590863
../Data/images\FS19\page_038.png,FS19,6.35169,-12.432388
../Data/images\FS19\page_039.png,FS19,13.302867,-11.591155
../Data/images\FS19\page_040.png,FS19,12.886646,-12.593278
../Data/images\FS19\page_041.png,FS19,12.840781,-12.68246
../Data/images\FS19\page_042.png,FS19,3.2648456,-14.562999
../Data/images\FS19\page_043.png,FS19,14.477761,-11.810663
../Data/images\FS19\page_044.png,FS19,14.498258,-11.800535
../Data/images\FS19\page_045.png,FS19,6.169752,-12.472157
../Data/images\FS19\page_046.png,FS19,6.229505,-12.482632
../Data/images\FS19\page_047.png,FS19,13.047563,-12.530613
../Data/images\FS19\page_048.png,FS19,13.498597,-12.629317
../Data/images\FS19\page_049.png,FS19,6.1658583,-12.591082
../Data/images\FS19\page_050.png,FS19,5.8567853,-12.81075
../Data/images\FS19\page_051.png,FS19,13.001096,-11.712677
../Data/images\FS19\page_052.png,FS19,14.492503,-11.8229
../Data/images\FS19\page_053.png,FS19,6.1025596,-12.598692
../Data/images\FS19\page_054.png,FS19,12.969547,-12.034156
../Data/images\FS19\page_055.png,FS19,4.9061265,-13.413623
../Data/images\FS2\page_001.png,FS2,2.6920524,-15.831975
../Data/images\FS2\page_002.png,FS2,1.4976387,-16.182074
../Data/images\FS2\page_003.png,FS2,4.5634813,-11.924734
../Data/images\FS2\page_004.png,FS2,4.9177647,-12.416812
../Data/images\FS2\page_005.png,FS2,4.4567432,-12.102306
../Data/images\FS2\page_006.png,FS2,4.805004,-12.499998
../Data/images\FS2\page_007.png,FS2,12.204297,-13.320865
../Data/images\FS2\page_008.png,FS2,12.211711,-12.848191
../Data/images\FS2\page_009.png,FS2,4.0696077,-14.998989
../Data/images\FS2\page_010.png,FS2,13.32766,-13.596226
../Data/images\FS2\page_011.png,FS2,4.108175,-13.306462
../Data/images\FS2\page_012.png,FS2,4.968798,-9.528961
../Data/images\FS2\page_013.png,FS2,4.770313,-9.460452
../Data/images\FS2\page_014.png,FS2,4.9327626,-9.786641
../Data/images\FS2\page_015.png,FS2,4.8184023,-9.0768175
../Data/images\FS2\page_016.png,FS2,4.125689,-13.512804
../Data/images\FS2\page_017.png,FS2,4.6969,-10.081822
../Data/images\FS2\page_018.png,FS2,4.817789,-9.873144
../Data/images\FS2\page_019.png,FS2,6.003164,-9.686182
../Data/images\FS2\page_020.png,FS2,4.4314876,-10.343162
../Data/images\FS2\page_021.png,FS2,4.132716,-13.10733
../Data/images\FS2\page_022.png,FS2,4.8570023,-10.076001
../Data/images\FS2\page_023.png,FS2,5.043853,-9.64736
../Data/images\FS2\page_024.png,FS2,4.220284,-10.167425
../Data/images\FS2\page_025.png,FS2,9.256578,-12.539705
../Data/images\FS2\page_026.png,FS2,13.810048,-11.710669
../Data/images\FS2\page_027.png,FS2,12.98154,-13.371057
../Data/images\FS2\page_028.png,FS2,9.236357,-12.28929
../Data/images\FS2\page_029.png,FS2,10.763256,-12.506725
../Data/images\FS2\page_030.png,FS2,11.043842,-12.630523
../Data/images\FS2\page_031.png,FS2,6.854707,-10.230187
../Data/images\FS2\page_032.png,FS2,11.738295,-12.070212
../Data/images\FS2\page_033.png,FS2,9.825191,-12.935797
../Data/images\FS2\page_034.png,FS2,13.736597,-11.960294
../Data/images\FS2\page_035.png,FS2,12.090723,-12.216606
../Data/images\FS2\page_036.png,FS2,11.129683,-13.193062
../Data/images\FS2\page_037.png,FS2,11.671519,-12.613379
../Data/images\FS2\page_038.png,FS2,9.692735,-12.504336
../Data/images\FS2\page_039.png,FS2,4.967266,-10.872407
../Data/images\FS2\page_040.png,FS2,9.037277,-11.827157
../Data/images\FS2\page_041.png,FS2,10.988697,-11.176165
../Data/images\FS20\page_001.png,FS20,2.6957684,-15.821054
../Data/images\FS20\page_002.png,FS20,1.5590786,-16.154451
../Data/images\FS20\page_003.png,FS20,4.443489,-12.06416
../Data/images\FS20\page_004.png,FS20,4.451369,-12.14301
../Data/images\FS20\page_005.png,FS20,4.3756924,-12.148134
../Data/images\FS20\page_006.png,FS20,4.8567348,-12.904421
../Data/images\FS20\page_007.png,FS20,10.909578,-12.889428
../Data/images\FS20\page_008.png,FS20,10.577844,-12.855573
../Data/images\FS20\page_009.png,FS20,14.072198,-11.555732
../Data/images\FS20\page_010.png,FS20,12.658547,-13.228621
../Data/images\FS20\page_011.png,FS20,5.6779737,-10.1794615
../Data/images\FS20\page_012.png,FS20,6.452653,-9.24864
../Data/images\FS20\page_013.png,FS20,6.2587404,-9.9555855
../Data/images\FS20\page_014.png,FS20,5.655018,-9.26331
../Data/images\FS20\page_015.png,FS20,6.524212,-9.310486
../Data/images\FS20\page_016.png,FS20,6.4514112,-9.753771
../Data/images\FS20\page_017.png,FS20,6.3321633,-9.51036
../Data/images\FS20\page_018.png,FS20,5.835718,-9.218418
../Data/images\FS20\page_019.png,FS20,5.4438977,-9.878562
../Data/images\FS20\page_020.png,FS20,6.857749,-11.138548
../Data/images\FS20\page_021.png,FS20,7.3999543,-10.981793
../Data/images\FS20\page_022.png,FS20,8.745806,-11.853731
../Data/images\FS20\page_023.png,FS20,10.559036,-11.586996
../Data/images\FS20\page_024.png,FS20,6.933894,-9.56116
../Data/images\FS20\page_025.png,FS20,7.36574,-10.781167
../Data/images\FS20\page_026.png,FS20,7.452811,-10.96934
../Data/images\FS20\page_027.png,FS20,11.878707,-12.638643
../Data/images\FS20\page_028.png,FS20,9.689253,-12.219047
../Data/images\FS20\page_029.png,FS20,6.286188,-10.5972595
../Data/images\FS20\page_030.png,FS20,8.929006,-11.944357
../Data/images\FS20\page_031.png,FS20,13.315473,-11.910991
../Data/images\FS20\page_032.png,FS20,4.838485,-10.273846
../Data/images\FS20\page_033.png,FS20,2.8486652,-10.038431
../Data/images\FS20\page_034.png,FS20,9.663495,-11.533614
../Data/images\FS20\page_035.png,FS20,6.4444275,-11.040051
../Data/images\FS20\page_036.png,FS20,10.734224,-10.941072
../Data/images\FS20\page_037.png,FS20,11.4097,-12.383716
../Data/images\FS20\page_038.png,FS20,12.893852,-11.17048
../Data/images\FS20\page_039.png,FS20,13.832411,-11.475935
../Data/images\FS20\page_040.png,FS20,6.2436695,-8.958222
../Data/images\FS21\page_001.png,FS21,2.7107615,-15.799955
../Data/images\FS21\page_002.png,FS21,1.5164762,-16.154081
../Data/images\FS21\page_003.png,FS21,4.8467984,-11.138608
../Data/images\FS21\page_004.png,FS21,3.9396017,-12.215976
../Data/images\FS21\page_005.png,FS21,3.6581788,-12.072791
../Data/images\FS21\page_006.png,FS21,3.595385,-11.908295
../Data/images\FS21\page_007.png,FS21,4.7478886,-13.098386
../Data/images\FS21\page_008.png,FS21,14.169599,-13.914248
../Data/images\FS21\page_009.png,FS21,14.077153,-13.957871
../Data/images\FS21\page_010.png,FS21,14.132562,-13.763269
../Data/images\FS21\page_011.png,FS21,14.192145,-13.90185
../Data/images\FS21\page_012.png,FS21,3.39379,-10.042534
../Data/images\FS21\page_013.png,FS21,5.218609,-10.5248375
../Data/images\FS21\page_014.png,FS21,5.12685,-10.72473
../Data/images\FS21\page_015.png,FS21,6.370182,-12.064793
../Data/images\FS21\page_016.png,FS21,4.67949,-8.949911
../Data/images\FS21\page_017.png,FS21,5.402296,-10.89206
../Data/images\FS21\page_018.png,FS21,5.272523,-10.748711
../Data/images\FS21\page_019.png,FS21,5.3355937,-9.389737
../Data/images\FS21\page_020.png,FS21,5.543396,-8.925362
../Data/images\FS21\page_021.png,FS21,5.0197983,-8.82831
../Data/images\FS21\page_022.png,FS21,5.122539,-10.677284
../Data/images\FS21\page_023.png,FS21,4.9981737,-8.872274
../Data/images\FS21\page_024.png,FS21,5.533536,-9.335866
../Data/images\FS21\page_025.png,FS21,3.4741693,-14.344249
../Data/images\FS21\page_026.png,FS21,14.237525,-11.583897
../Data/images\FS21\page_027.png,FS21,10.317079,-13.436197
../Data/images\FS21\page_028.png,FS21,11.484383,-13.366179
../Data/images\FS21\page_029.png,FS21,11.368849,-13.54632
../Data/images\FS21\page_030.png,FS21,5.9434657,-12.111544
../Data/images\FS21\page_031.png,FS21,11.371551,-12.8574
../Data/images\FS21\page_032.png,FS21,9.572903,-12.08801
../Data/images\FS21\page_033.png,FS21,3.1780539,-14.714485
../Data/images\FS21\page_034.png,FS21,12.714893,-11.548728
../Data/images\FS21\page_035.png,FS21,11.122113,-13.57084
../Data/images\FS21\page_036.png,FS21,12.11521,-12.897666
../Data/images\FS21\page_037.png,FS21,10.866586,-12.813975
../Data/images\FS21\page_038.png,FS21,11.244795,-11.2781725
../Data/images\FS21\page_039.png,FS21,13.455298,-11.723914
../Data/images\FS21\page_040.png,FS21,5.2060966,-10.835175
../Data/images\FS21\page_041.png,FS21,13.798811,-11.507626
../Data/images\FS21\page_042.png,FS21,5.1629496,-9.138686
../Data/images\FS21\page_043.png,FS21,11.856557,-11.469493
../Data/images\FS21\page_044.png,FS21,3.072333,-14.875758
../Data/images\FS22\page_001.png,FS22,2.73319,-15.751802
../Data/images\FS22\page_002.png,FS22,5.942321,-10.875392
../Data/images\FS22\page_003.png,FS22,5.290907,-12.893002
../Data/images\FS22\page_004.png,FS22,5.1026664,-13.138214
../Data/images\FS22\page_005.png,FS22,5.098086,-10.873616
../Data/images\FS22\page_006.png,FS22,4.9718394,-12.604486
../Data/images\FS22\page_007.png,FS22,10.508791,-13.38798
../Data/images\FS22\page_008.png,FS22,12.673941,-13.479018
../Data/images\FS22\page_009.png,FS22,14.319823,-11.576982
../Data/images\FS22\page_010.png,FS22,12.500113,-13.3227825
../Data/images\FS22\page_011.png,FS22,4.7436447,-9.078484
../Data/images\FS22\page_012.png,FS22,13.307971,-12.620977
../Data/images\FS22\page_013.png,FS22,4.3245564,-9.884663
../Data/images\FS22\page_014.png,FS22,3.052297,-9.968184
../Data/images\FS22\page_015.png,FS22,4.274357,-10.21125
../Data/images\FS22\page_016.png,FS22,4.1735907,-9.16507
../Data/images\FS22\page_017.png,FS22,4.3488197,-10.204562
../Data/images\FS22\page_018.png,FS22,5.8593817,-9.834346
../Data/images\FS22\page_019.png,FS22,4.2506857,-9.069396
../Data/images\FS22\page_020.png,FS22,5.0885663,-10.759295
../Data/images\FS22\page_021.png,FS22,5.325831,-11.0482435
../Data/images\FS22\page_022.png,FS22,4.4648466,-10.603109
../Data/images\FS22\page_023.png,FS22,4.6674075,-10.591082
../Data/images\FS22\page_024.png,FS22,6.121743,-9.535633
../Data/images\FS22\page_025.png,FS22,4.169071,-9.137255
../Data/images\FS22\page_026.png,FS22,4.1704326,-10.886758
../Data/images\FS22\page_027.png,FS22,4.196349,-10.550279
../Data/images\FS22\page_028.png,FS22,5.1986036,-10.016266
../Data/images\FS22\page_029.png,FS22,4.4766703,-10.018916
../Data/images\FS22\page_030.png,FS22,3.9150207,-9.940488
../Data/images\FS22\page_031.png,FS22,13.653946,-12.352524
../Data/images\FS22\page_032.png,FS22,9.254761,-12.451636
../Data/images\FS22\page_033.png,FS22,9.79449,-12.748944
../Data/images\FS22\page_034.png,FS22,10.22628,-13.473654
../Data/images\FS22\page_035.png,FS22,3.937763,-14.966203
../Data/images\FS22\page_036.png,FS22,9.5034685,-12.195445
../Data/images\FS22\page_037.png,FS22,10.277019,-12.035808
../Data/images\FS22\page_038.png,FS22,3.4564354,-14.872526
../Data/images\FS22\page_039.png,FS22,14.0861025,-11.60916
../Data/images\FS22\page_040.png,FS22,8.74159,-12.220552
../Data/images\FS22\page_041.png,FS22,13.266075,-11.370153
../Data/images\FS22\page_042.png,FS22,9.9099655,-11.774204
../Data/images\FS22\page_043.png,FS22,9.656048,-12.122789
../Data/images\FS22\page_044.png,FS22,13.0587,-13.886595
../Data/images\FS22\page_045.png,FS22,3.1842215,-9.942741
../Data/images\FS22\page_046.png,FS22,3.9904945,-10.332116
../Data/images\FS22\page_047.png,FS22,11.444793,-12.539261
../Data/images\FS22\page_048.png,FS22,10.084062,-13.237909
../Data/images\FS22\page_049.png,FS22,6.581451,-11.142778
../Data/images\FS22\page_050.png,FS22,6.2957373,-10.256745
../Data/images\FS22\page_051.png,FS22,6.6944675,-10.321751
../Data/images\FS22\page_052.png,FS22,4.1229315,-9.985233
../Data/images\FS22\page_053.png,FS22,8.069851,-11.761635
../Data/images\FS22\page_054.png,FS22,8.519761,-11.702052
../Data/images\FS22\page_055.png,FS22,3.770657,-9.668435
../Data/images\FS22\page_056.png,FS22,6.215633,-9.942744
../Data/images\FS22\page_057.png,FS22,11.661301,-11.4176235
../Data/images\FS22\page_058.png,FS22,11.977503,-13.426767
../Data/images\FS22\page_059.png,FS22,11.584509,-13.36476
../Data/images\FS22\page_060.png,FS22,3.1998487,-14.957179
../Data/images\FS3\page_001.png,FS3,2.7676811,-15.648721
../Data/images\FS3\page_002.png,FS3,1.7287654,-15.960545
../Data/images\FS3\page_003.png,FS3,5.7360954,-11.614157
../Data/images\FS3\page_004.png,FS3,2.9014957,-10.844963
../Data/images\FS3\page_005.png,FS3,4.488982,-12.846215
../Data/images\FS3\page_006.png,FS3,13.585907,-14.168963
../Data/images\FS3\page_007.png,FS3,13.772055,-14.089912
../Data/images\FS3\page_008.png,FS3,13.79431,-13.550947
../Data/images\FS3\page_009.png,FS3,13.662505,-14.132668
../Data/images\FS3\page_010.png,FS3,2.9513423,-15.31492
../Data/images\FS3\page_011.png,FS3,12.572038,-14.516975
../Data/images\FS3\page_012.png,FS3,12.608271,-14.536435
../Data/images\FS3\page_013.png,FS3,3.0513072,-11.012371
../Data/images\FS3\page_014.png,FS3,3.2768953,-11.419776
../Data/images\FS3\page_015.png,FS3,3.5072925,-11.867904
../Data/images\FS3\page_016.png,FS3,3.3489172,-11.470647
../Data/images\FS3\page_017.png,FS3,3.4744902,-11.741619
../Data/images\FS3\page_018.png,FS3,3.4462185,-11.471398
../Data/images\FS3\page_019.png,FS3,3.4370387,-14.320301
../Data/images\FS3\page_020.png,FS3,14.913783,-13.234734
../Data/images\FS3\page_021.png,FS3,15.077146,-13.160552
../Data/images\FS3\page_022.png,FS3,13.740046,-14.157769
../Data/images\FS3\page_023.png,FS3,13.307288,-14.3067665
../Data/images\FS3\page_024.png,FS3,12.599708,-14.429561
../Data/images\FS3\page_025.png,FS3,12.790761,-14.365701
../Data/images\FS3\page_026.png,FS3,13.854553,-14.146998
../Data/images\FS3\page_027.png,FS3,13.3057995,-14.3776455
../Data/images\FS3\page_028.png,FS3,13.723587,-14.205707
../Data/images\FS3\page_029.png,FS3,14.006109,-13.768116
../Data/images\FS3\page_030.png,FS3,14.016801,-14.077754
../Data/images\FS3\page_031.png,FS3,13.830628,-14.058157
../Data/images\FS3\page_032.png,FS3,12.574804,-14.537947
../Data/images\FS3\page_033.png,FS3,3.177589,-14.562547
../Data/images\FS4\page_001.png,FS4,2.7410698,-15.729209
../Data/images\FS4\page_002.png,FS4,1.6152476,-16.082657
../Data/images\FS4\page_003.png,FS4,5.8565974,-11.682449
../Data/images\FS4\page_004.png,FS4,3.8495955,-12.050869
../Data/images\FS4\page_005.png,FS4,2.7158139,-10.463667
../Data/images\FS4\page_006.png,FS4,13.32092,-14.08688
../Data/images\FS4\page_007.png,FS4,13.734114,-13.586049
../Data/images\FS4\page_008.png,FS4,13.872216,-12.73465
../Data/images\FS4\page_009.png,FS4,13.393826,-14.064199
../Data/images\FS4\page_010.png,FS4,3.7401898,-12.112908
../Data/images\FS4\page_011.png,FS4,3.4594846,-11.811518
../Data/images\FS4\page_012.png,FS4,3.5414505,-11.634235
../Data/images\FS4\page_013.png,FS4,3.1573706,-11.1992655
../Data/images\FS4\page_014.png,FS4,3.0004961,-11.118457
../Data/images\FS4\page_015.png,FS4,3.6145475,-10.916603
../Data/images\FS4\page_016.png,FS4,3.1950395,-11.361702
../Data/images\FS4\page_017.png,FS4,3.1296277,-11.296965
../Data/images\FS4\page_018.png,FS4,3.0554829,-11.301741
../Data/images\FS4\page_019.png,FS4,14.020788,-12.458811
../Data/images\FS4\page_020.png,FS4,13.364003,-14.152433
../Data/images\FS4\page_021.png,FS4,11.241503,-12.163
../Data/images\FS4\page_022.png,FS4,12.472331,-14.578188
../Data/images\FS4\page_023.png,FS4,12.44703,-14.519684
../Data/images\FS4\page_024.png,FS4,13.086962,-14.135019
../Data/images\FS4\page_025.png,FS4,12.392938,-13.214455
../Data/images\FS4\page_026.png,FS4,3.4958742,-10.796468
../Data/images\FS4\page_027.png,FS4,3.036047,-11.199055
../Data/images\FS4\page_028.png,FS4,3.2523851,-14.645412
../Data/images\FS5\page_001.png,FS5,2.6276302,-15.881488
../Data/images\FS5\page_002.png,FS5,1.5069878,-16.170862
../Data/images\FS5\page_003.png,FS5,6.1043158,-10.899231
../Data/images\FS5\page_004.png,FS5,5.771483,-12.306468
../Data/images\FS5\page_005.png,FS5,6.3055606,-10.923169
../Data/images\FS5\page_006.png,FS5,4.654074,-13.17927
../Data/images\FS5\page_007.png,FS5,13.108428,-13.292491
../Data/images\FS5\page_008.png,FS5,13.5686245,-12.860001
../Data/images\FS5\page_009.png,FS5,12.929723,-11.851777
../Data/images\FS5\page_010.png,FS5,13.4937,-13.10896
../Data/images\FS5\page_011.png,FS5,8.67359,-12.118549
../Data/images\FS5\page_012.png,FS5,6.8911977,-10.703913
../Data/images\FS5\page_013.png,FS5,4.6447487,-13.6265745
../Data/images\FS5\page_014.png,FS5,4.5286984,-11.360616
../Data/images\FS5\page_015.png,FS5,4.360949,-10.999002
../Data/images\FS5\page_016.png,FS5,4.831657,-11.080145
../Data/images\FS5\page_017.png,FS5,4.4875927,-10.981726
../Data/images\FS5\page_018.png,FS5,4.748712,-11.6013365
../Data/images\FS5\page_019.png,FS5,4.6128335,-11.082558
../Data/images\FS5\page_020.png,FS5,4.546625,-11.073948
../Data/images\FS5\page_021.png,FS5,4.131731,-10.3498125
../Data/images\FS5\page_022.png,FS5,4.589808,-11.193093
../Data/images\FS5\page_023.png,FS5,14.458197,-11.778189
../Data/images\FS5\page_024.png,FS5,14.481687,-11.678077
../Data/images\FS5\page_025.png,FS5,11.571683,-13.386519
../Data/images\FS5\page_026.png,FS5,10.716513,-11.199517
../Data/images\FS5\page_027.png,FS5,11.718171,-12.4137945
../Data/images\FS5\page_028.png,FS5,11.63855,-12.381417
../Data/images\FS5\page_029.png,FS5,4.582399,-11.274499
../Data/images\FS5\page_030.png,FS5,12.790485,-12.227254
../Data/images\FS5\page_031.png,FS5,13.349768,-12.07682
../Data/images\FS5\page_032.png,FS5,11.127885,-12.383982
../Data/images\FS5\page_033.png,FS5,10.935566,-12.967721
../Data/images\FS5\page_034.png,FS5,11.164547,-13.199147
../Data/images\FS5\page_035.png,FS5,10.562479,-11.040812
../Data/images\FS5\page_036.png,FS5,14.351288,-11.795614
../Data/images\FS5\page_037.png,FS5,4.172884,-13.406001
../Data/images\FS5\page_038.png,FS5,5.1584234,-10.405142
../Data/images\FS5\page_039.png,FS5,13.059052,-11.985968
../Data/images\FS6\page_001.png,FS6,2.799451,-15.670239
../Data/images\FS6\page_002.png,FS6,1.8619916,-15.986744
../Data/images\FS6\page_003.png,FS6,4.506019,-9.84712
../Data/images\FS6\page_004.png,FS6,5.3878026,-12.188384
../Data/images\FS6\page_005.png,FS6,4.3035784,-11.110282
../Data/images\FS6\page_006.png,FS6,3.6053953,-11.919998
../Data/images\FS6\page_007.png,FS6,3.3905997,-15.083065
../Data/images\FS6\page_008.png,FS6,14.121034,-13.236497
../Data/images\FS6\page_009.png,FS6,13.100662,-13.851241
../Data/images\FS6\page_010.png,FS6,15.1562195,-13.057953
../Data/images\FS6\page_011.png,FS6,13.292692,-13.656856
../Data/images\FS6\page_012.png,FS6,13.576384,-13.528383
../Data/images\FS6\page_013.png,FS6,4.3064213,-10.292109
../Data/images\FS6\page_014.png,FS6,4.1298065,-9.861687
../Data/images\FS6\page_015.png,FS6,4.17751,-10.546566
../Data/images\FS6\page_016.png,FS6,4.034772,-10.663905
../Data/images\FS6\page_017.png,FS6,4.8468776,-12.7941265
../Data/images\FS6\page_018.png,FS6,4.4036183,-11.770515
../Data/images\FS6\page_019.png,FS6,3.9828696,-9.709844
../Data/images\FS6\page_020.png,FS6,4.1233635,-11.246513
../Data/images\FS6\page_021.png,FS6,4.9968457,-11.463716
../Data/images\FS6\page_022.png,FS6,4.4500217,-9.613888
../Data/images\FS6\page_023.png,FS6,4.9127274,-9.682494
../Data/images\FS6\page_024.png,FS6,4.709728,-9.502846
../Data/images\FS6\page_025.png,FS6,3.370546,-10.485643
../Data/images\FS6\page_026.png,FS6,3.4721625,-9.957307
../Data/images\FS6\page_027.png,FS6,5.1799817,-10.11366
../Data/images\FS6\page_028.png,FS6,4.4127545,-9.700055
../Data/images\FS6\page_029.png,FS6,4.314251,-9.616571
../Data/images\FS6\page_030.png,FS6,4.9059772,-9.033513
../Data/images\FS6\page_031.png,FS6,15.181515,-12.988303
../Data/images\FS6\page_032.png,FS6,15.221834,-13.042227
../Data/images\FS6\page_033.png,FS6,12.810293,-13.111397
../Data/images\FS6\page_034.png,FS6,12.785897,-12.809327
../Data/images\FS6\page_035.png,FS6,10.167327,-13.346304
../Data/images\FS6\page_036.png,FS6,12.6211195,-12.713673
../Data/images\FS6\page_037.png,FS6,10.123016,-13.326243
../Data/images\FS6\page_038.png,FS6,12.967916,-12.511103
../Data/images\FS6\page_039.png,FS6,12.38814,-12.866471
../Data/images\FS6\page_040.png,FS6,13.767668,-12.135262
../Data/images\FS6\page_041.png,FS6,11.714877,-12.990908
../Data/images\FS6\page_042.png,FS6,12.091774,-13.162582
../Data/images\FS6\page_043.png,FS6,12.550177,-12.81878
../Data/images\FS6\page_044.png,FS6,5.961672,-11.665512
../Data/images\FS6\page_045.png,FS6,11.325862,-13.577475
../Data/images\FS6\page_046.png,FS6,10.116566,-13.334084
../Data/images\FS6\page_047.png,FS6,12.097376,-13.0795145
../Data/images\FS6\page_048.png,FS6,3.9416077,-11.346073
../Data/images\FS6\page_049.png,FS6,11.785894,-13.434382
../Data/images\FS6\page_050.png,FS6,9.8955555,-12.502453
../Data/images\FS6\page_051.png,FS6,4.8064647,-9.258611
../Data/images\FS6\page_052.png,FS6,12.704977,-11.436648
../Data/images\FS7\page_001.png,FS7,2.756862,-15.783833
../Data/images\FS7\page_002.png,FS7,1.5175507,-16.1121
../Data/images\FS7\page_003.png,FS7,4.540123,-12.195688
../Data/images\FS7\page_004.png,FS7,2.7622144,-10.278032
../Data/images\FS7\page_005.png,FS7,14.170115,-13.842222
../Data/images\FS7\page_006.png,FS7,14.163978,-13.926402
../Data/images\FS7\page_007.png,FS7,14.192867,-13.8205805
../Data/images\FS7\page_008.png,FS7,14.2316065,-13.805155
../Data/images\FS7\page_009.png,FS7,10.977554,-11.468814
../Data/images\FS7\page_010.png,FS7,11.524844,-11.568976
../Data/images\FS7\page_011.png,FS7,3.8151703,-9.512092
../Data/images\FS7\page_012.png,FS7,5.6433845,-11.197331
../Data/images\FS7\page_013.png,FS7,4.393209,-9.545338
../Data/images\FS7\page_014.png,FS7,5.3427963,-9.5271845
../Data/images\FS7\page_015.png,FS7,4.11784,-9.511701
../Data/images\FS7\page_016.png,FS7,5.465071,-9.192453
../Data/images\FS7\page_017.png,FS7,4.95174,-9.024335
../Data/images\FS7\page_018.png,FS7,14.475802,-11.91433
../Data/images\FS7\page_019.png,FS7,14.55304,-11.900336
../Data/images\FS7\page_020.png,FS7,14.241398,-12.167863
../Data/images\FS7\page_021.png,FS7,13.375575,-11.934693
../Data/images\FS7\page_022.png,FS7,13.207438,-11.325342
../Data/images\FS7\page_023.png,FS7,12.441252,-11.783842
../Data/images\FS7\page_024.png,FS7,11.865265,-12.602395
../Data/images\FS7\page_025.png,FS7,12.822872,-11.8314905
../Data/images\FS7\page_026.png,FS7,12.153206,-12.868975
../Data/images\FS7\page_027.png,FS7,11.802679,-12.813276
../Data/images\FS7\page_028.png,FS7,12.905164,-11.244561
../Data/images\FS7\page_029.png,FS7,5.697499,-9.355665
../Data/images\FS7\page_030.png,FS7,4.055097,-13.685835
../Data/images\FS8\page_001.png,FS8,2.7433531,-15.771551
../Data/images\FS8\page_002.png,FS8,4.5301642,-12.071901
../Data/images\FS8\page_003.png,FS8,4.447943,-12.073661
../Data/images\FS8\page_004.png,FS8,4.4513464,-12.072373
../Data/images\FS8\page_005.png,FS8,4.791027,-13.123407
../Data/images\FS8\page_006.png,FS8,12.181645,-13.029925
../Data/images\FS8\page_007.png,FS8,12.677595,-12.591956
../Data/images\FS8\page_008.png,FS8,11.4340105,-11.2861805
../Data/images\FS8\page_009.png,FS8,11.947345,-13.310578
../Data/images\FS8\page_010.png,FS8,5.745979,-10.550528
../Data/images\FS8\page_011.png,FS8,4.8383827,-9.101578
../Data/images\FS8\page_012.png,FS8,5.8581996,-9.619359
../Data/images\FS8\page_013.png,FS8,5.3915124,-11.021752
../Data/images\FS8\page_014.png,FS8,5.304582,-10.31417
../Data/images\FS8\page_015.png,FS8,6.2063103,-9.3812895
../Data/images\FS8\page_016.png,FS8,5.5486975,-10.9191
../Data/images\FS8\page_017.png,FS8,5.9913034,-9.634257
../Data/images\FS8\page_018.png,FS8,5.652432,-11.700072
../Data/images\FS8\page_019.png,FS8,6.079048,-9.388871
../Data/images\FS8\page_020.png,FS8,5.352772,-10.377211
../Data/images\FS8\page_021.png,FS8,5.5794554,-10.916038
../Data/images\FS8\page_022.png,FS8,5.7414346,-9.409086
../Data/images\FS8\page_023.png,FS8,5.102425,-10.660599
../Data/images\FS8\page_024.png,FS8,5.230851,-11.448815
../Data/images\FS8\page_025.png,FS8,3.2974164,-14.660474
../Data/images\FS8\page_026.png,FS8,14.42307,-11.696792
../Data/images\FS8\page_027.png,FS8,14.527955,-11.71747
../Data/images\FS8\page_028.png,FS8,11.590599,-12.825684
../Data/images\FS8\page_029.png,FS8,11.064529,-11.5934725
../Data/images\FS8\page_030.png,FS8,12.775285,-12.652834
../Data/images\FS8\page_031.png,FS8,11.0952835,-11.283992
../Data/images\FS8\page_032.png,FS8,10.868417,-11.090743
../Data/images\FS8\page_033.png,FS8,9.693316,-12.239955
../Data/images\FS8\page_034.png,FS8,11.10652,-11.247478
../Data/images\FS8\page_035.png,FS8,11.978841,-11.844253
../Data/images\FS8\page_036.png,FS8,11.578561,-13.1619625
../Data/images\FS8\page_037.png,FS8,10.9509535,-11.20217
../Data/images\FS8\page_038.png,FS8,11.423485,-12.809422
../Data/images\FS8\page_039.png,FS8,5.935262,-9.096201
../Data/images\FS8\page_040.png,FS8,5.5665693,-11.0718565
../Data/images\FS8\page_041.png,FS8,6.403663,-11.548365
../Data/images\FS8\page_042.png,FS8,10.813068,-11.14187
../Data/images\FS8\page_043.png,FS8,9.56473,-12.439715
../Data/images\FS8\page_044.png,FS8,6.1393547,-9.992186
../Data/images\FS8\page_045.png,FS8,3.1282823,-14.751635
../Data/images\FS9\page_001.png,FS9,2.6594162,-15.795048
../Data/images\FS9\page_002.png,FS9,1.5852046,-16.11205
../Data/images\FS9\page_003.png,FS9,5.917961,-11.153947
../Data/images\FS9\page_004.png,FS9,4.2286263,-12.895992
../Data/images\FS9\page_005.png,FS9,2.6957867,-10.221304
../Data/images\FS9\page_006.png,FS9,11.799409,-12.970521
../Data/images\FS9\page_007.png,FS9,12.208042,-13.089951
../Data/images\FS9\page_008.png,FS9,13.870363,-11.880324
../Data/images\FS9\page_009.png,FS9,12.181408,-13.404121
../Data/images\FS9\page_010.png,FS9,3.0118105,-9.901414
../Data/images\FS9\page_011.png,FS9,3.1345038,-9.826716
../Data/images\FS9\page_012.png,FS9,14.134921,-12.119527
../Data/images\FS9\page_013.png,FS9,13.251834,-12.648953
../Data/images\FS9\page_014.png,FS9,11.81867,-12.140247
../Data/images\FS9\page_015.png,FS9,10.792284,-11.827408
../Data/images\FS9\page_016.png,FS9,8.355277,-12.082535
../Data/images\FS9\page_017.png,FS9,11.726674,-12.509209
../Data/images\FS9\page_018.png,FS9,9.967613,-11.674874
../Data/images\FS9\page_019.png,FS9,12.612769,-12.966076
../Data/images\FS9\page_020.png,FS9,11.512128,-12.471547
../Data/images\FS9\page_021.png,FS9,13.529025,-11.781016
../Data/images\FS9\page_022.png,FS9,3.031589,-14.774253
../Data/images\FS9\page_023.png,FS9,14.420337,-11.68911
../Data/images\FS9\page_024.png,FS9,14.379623,-11.646207
../Data/images\FS9\page_025.png,FS9,9.27953,-12.040388
../Data/images\FS9\page_026.png,FS9,13.648003,-12.211969
../Data/images\FS9\page_027.png,FS9,3.1580334,-9.723205
../Data/images\FS9\page_028.png,FS9,4.662372,-12.858898
../Data/images\FS9\page_029.png,FS9,2.7820387,-10.103471
../Data/images\FS9\page_030.png,FS9,4.2394624,-9.169535
../Data/images\FS9\page_031.png,FS9,4.36793,-9.089404
../Data/images\FS9\page_032.png,FS9,5.865247,-11.29361
../Data/images\FS9\page_033.png,FS9,3.1637735,-14.634769
../Data/images\RSF1\page_001.png,RSF1,2.9476972,-15.475766
../Data/images\RSF1\page_002.png,RSF1,1.4788951,-16.160547
../Data/images\RSF1\page_003.png,RSF1,4.5690684,-12.351651
../Data/images\RSF1\page_004.png,RSF1,5.580448,-12.306186
../Data/images\RSF1\page_005.png,RSF1,4.5921016,-12.369908
../Data/images\RSF1\page_006.png,RSF1,4.616477,-12.539035
../Data/images\RSF1\page_007.png,RSF1,10.35163,-13.150787
../Data/images\RSF1\page_008.png,RSF1,3.8284152,-14.912826
../Data/images\RSF1\page_009.png,RSF1,3.6903172,-14.87206
../Data/images\RSF1\page_010.png,RSF1,11.166411,-12.983733
../Data/images\RSF1\page_011.png,RSF1,5.0744967,-10.468277
../Data/images\RSF1\page_012.png,RSF1,6.124306,-9.292557
../Data/images\RSF1\page_013.png,RSF1,5.560312,-9.312059
../Data/images\RSF1\page_014.png,RSF1,4.3754606,-10.497922
../Data/images\RSF1\page_015.png,RSF1,6.1650386,-9.046019
../Data/images\RSF1\page_016.png,RSF1,5.5821447,-9.5258255
../Data/images\RSF1\page_017.png,RSF1,4.994389,-8.694122
../Data/images\RSF1\page_018.png,RSF1,4.725977,-8.993434
../Data/images\RSF1\page_019.png,RSF1,4.707484,-9.597844
../Data/images\RSF1\page_020.png,RSF1,9.467382,-12.30084
../Data/images\RSF1\page_021.png,RSF1,11.116988,-11.259989
../Data/images\RSF1\page_022.png,RSF1,12.698755,-11.75758
../Data/images\RSF1\page_023.png,RSF1,11.3746195,-12.735873
../Data/images\RSF1\page_024.png,RSF1,14.545701,-12.59976
../Data/images\RSF1\page_025.png,RSF1,12.518048,-12.307017
../Data/images\RSF1\page_026.png,RSF1,10.077831,-12.538582
../Data/images\RSF1\page_027.png,RSF1,6.006167,-8.859246
../Data/images\RSF1\page_028.png,RSF1,5.7146225,-10.64397
../Data/images\RSF1\page_029.png,RSF1,7.111919,-10.247998
../Data/images\RSF1\page_030.png,RSF1,14.071721,-11.550083
../Data/images\RSF1\page_031.png,RSF1,3.0252194,-14.721537
../Data/images\RSF2\page_001.png,RSF2,3.082222,-15.260541
../Data/images\RSF2\page_002.png,RSF2,1.8579788,-15.925605
../Data/images\RSF2\page_003.png,RSF2,4.5996017,-12.522639
../Data/images\RSF2\page_004.png,RSF2,5.2888827,-12.593077
../Data/images\RSF2\page_005.png,RSF2,3.226294,-11.3920765
../Data/images\RSF2\page_006.png,RSF2,4.5929646,-12.706787
../Data/images\RSF2\page_007.png,RSF2,13.002949,-14.011795
../Data/images\RSF2\page_008.png,RSF2,3.7496986,-15.052156
../Data/images\RSF2\page_009.png,RSF2,10.809263,-13.12119
../Data/images\RSF2\page_010.png,RSF2,13.012147,-14.253876
../Data/images\RSF2\page_011.png,RSF2,3.8445666,-11.669835
../Data/images\RSF2\page_012.png,RSF2,3.5471168,-11.970168
../Data/images\RSF2\page_013.png,RSF2,3.9365644,-12.214192
../Data/images\RSF2\page_014.png,RSF2,3.641493,-11.843538
../Data/images\RSF2\page_015.png,RSF2,3.6211884,-11.998763
../Data/images\RSF2\page_016.png,RSF2,3.8580997,-12.209005
../Data/images\RSF2\page_017.png,RSF2,3.8314185,-11.792746
../Data/images\RSF2\page_018.png,RSF2,3.9848847,-12.165859
../Data/images\RSF2\page_019.png,RSF2,5.3692155,-10.080678
../Data/images\RSF2\page_020.png,RSF2,3.5389721,-11.975062
../Data/images\RSF2\page_021.png,RSF2,3.872961,-12.243352
../Data/images\RSF2\page_022.png,RSF2,12.243026,-14.2226
../Data/images\RSF2\page_023.png,RSF2,12.289473,-14.164253
../Data/images\RSF2\page_024.png,RSF2,12.201134,-14.38
../Data/images\RSF2\page_025.png,RSF2,12.718697,-14.465165
../Data/images\RSF2\page_026.png,RSF2,14.857783,-13.039949
../Data/images\RSF2\page_027.png,RSF2,12.401091,-14.614406
../Data/images\RSF2\page_028.png,RSF2,12.144022,-14.460408
../Data/images\RSF2\page_029.png,RSF2,3.9827306,-11.394307
../Data/images\RSF2\page_030.png,RSF2,3.9519718,-11.386036
../Data/images\RSF2\page_031.png,RSF2,3.7893076,-11.480381
../Data/images\RSF2\page_032.png,RSF2,14.002956,-13.831601
../Data/images\RSF2\page_033.png,RSF2,3.9048536,-11.520072
../Data/images\RSF3\page_001.png,RSF3,14.282025,-13.730337
../Data/images\RSF3\page_002.png,RSF3,3.225321,-15.125407
../Data/images\RSF3\page_003.png,RSF3,1.5017262,-16.155025
../Data/images\RSF3\page_004.png,RSF3,4.1268744,-12.00224
../Data/images\RSF3\page_005.png,RSF3,5.799191,-12.019439
../Data/images\RSF3\page_006.png,RSF3,3.9286497,-12.009482
../Data/images\RSF3\page_007.png,RSF3,4.283605,-12.403107
../Data/images\RSF3\page_008.png,RSF3,4.7394447,-12.625269
../Data/images\RSF3\page_009.png,RSF3,11.867913,-13.042125
../Data/images\RSF3\page_010.png,RSF3,3.6034648,-14.962844
../Data/images\RSF3\page_011.png,RSF3,3.7333782,-14.967594
../Data/images\RSF3\page_012.png,RSF3,11.962054,-13.078556
../Data/images\RSF3\page_013.png,RSF3,4.885466,-8.829636
../Data/images\RSF3\page_014.png,RSF3,4.531202,-10.48791
../Data/images\RSF3\page_015.png,RSF3,3.7862494,-10.25139
../Data/images\RSF3\page_016.png,RSF3,3.6778214,-10.343725
../Data/images\RSF3\page_017.png,RSF3,4.7248797,-10.121155
../Data/images\RSF3\page_018.png,RSF3,6.1509614,-9.127471
../Data/images\RSF3\page_019.png,RSF3,4.861937,-8.844416
../Data/images\RSF3\page_020.png,RSF3,4.5299916,-8.928847
../Data/images\RSF3\page_021.png,RSF3,5.074369,-10.4676075
../Data/images\RSF3\page_022.png,RSF3,3.8937078,-13.875367
../Data/images\RSF3\page_023.png,RSF3,13.138835,-11.803343
../Data/images\RSF3\page_024.png,RSF3,10.382371,-12.651049
../Data/images\RSF3\page_025.png,RSF3,12.631152,-12.031426
../Data/images\RSF3\page_026.png,RSF3,13.566563,-12.612342
../Data/images\RSF3\page_027.png,RSF3,13.543633,-12.506757
../Data/images\RSF3\page_028.png,RSF3,10.060899,-11.646814
../Data/images\RSF3\page_029.png,RSF3,9.324206,-12.498275
../Data/images\RSF3\page_030.png,RSF3,5.161034,-8.991521
../Data/images\RSF3\page_031.png,RSF3,5.9081607,-11.168694
../Data/images\RSF3\page_032.png,RSF3,8.559729,-11.452782
../Data/images\RSF3\page_033.png,RSF3,3.0009885,-14.829653
../Data/images\RSF3\page_034.png,RSF3,3.2380126,-14.867943
../Data/images\RSF4\page_001.png,RSF4,14.315541,-13.726509
../Data/images\RSF4\page_002.png,RSF4,3.1726758,-14.995369
../Data/images\RSF4\page_003.png,RSF4,1.5785562,-16.111507
../Data/images\RSF4\page_004.png,RSF4,4.903259,-11.086593
../Data/images\RSF4\page_005.png,RSF4,5.7082343,-12.127315
../Data/images\RSF4\page_006.png,RSF4,3.5641792,-11.726385
../Data/images\RSF4\page_007.png,RSF4,4.6766257,-12.8296585
../Data/images\RSF4\page_008.png,RSF4,11.937706,-13.198971
../Data/images\RSF4\page_009.png,RSF4,3.594054,-14.997965
../Data/images\RSF4\page_010.png,RSF4,3.4152582,-14.771045
../Data/images\RSF4\page_011.png,RSF4,11.773948,-12.999093
../Data/images\RSF4\page_012.png,RSF4,4.902671,-8.789636
../Data/images\RSF4\page_013.png,RSF4,3.0164564,-9.845093
../Data/images\RSF4\page_014.png,RSF4,4.0749836,-10.272078
../Data/images\RSF4\page_015.png,RSF4,4.0646462,-10.045632
../Data/images\RSF4\page_016.png,RSF4,2.9189231,-10.072997
../Data/images\RSF4\page_017.png,RSF4,6.1401544,-9.443859
../Data/images\RSF4\page_018.png,RSF4,4.0757065,-9.927059
../Data/images\RSF4\page_019.png,RSF4,4.620994,-8.921141
../Data/images\RSF4\page_020.png,RSF4,3.9102907,-10.46445
../Data/images\RSF4\page_021.png,RSF4,13.649253,-11.649295
../Data/images\RSF4\page_022.png,RSF4,13.184107,-11.427971
../Data/images\RSF4\page_023.png,RSF4,9.148027,-12.431385
../Data/images\RSF4\page_024.png,RSF4,12.395192,-11.773077
../Data/images\RSF4\page_025.png,RSF4,3.250815,-14.741375
../Data/images\RSF4\page_026.png,RSF4,13.692033,-12.453452
../Data/images\RSF4\page_027.png,RSF4,13.578846,-12.512348
../Data/images\RSF4\page_028.png,RSF4,12.172319,-12.137611
../Data/images\RSF4\page_029.png,RSF4,9.27651,-12.242833
../Data/images\RSF4\page_030.png,RSF4,10.854457,-11.468
../Data/images\RSF4\page_031.png,RSF4,10.552553,-13.046569
../Data/images\RSF4\page_032.png,RSF4,3.542399,-10.261159
../Data/images\RSF4\page_033.png,RSF4,10.9834795,-12.149692
../Data/images\RSF4\page_034.png,RSF4,2.9302719,-14.748315
../Data/images\RSF4\page_035.png,RSF4,3.095952,-15.012649
../Data/images\RSF5\page_001.png,RSF5,3.2183402,-15.001428
../Data/images\RSF5\page_002.png,RSF5,1.5555068,-16.11725
../Data/images\RSF5\page_003.png,RSF5,5.624869,-11.964129
../Data/images\RSF5\page_004.png,RSF5,6.122524,-11.214864
../Data/images\RSF5\page_005.png,RSF5,4.14791,-10.076836
../Data/images\RSF5\page_006.png,RSF5,4.771602,-12.70546
../Data/images\RSF5\page_007.png,RSF5,12.157359,-13.050521
../Data/images\RSF5\page_008.png,RSF5,3.7797356,-15.012282
../Data/images\RSF5\page_009.png,RSF5,3.5303516,-14.80774
../Data/images\RSF5\page_010.png,RSF5,12.02208,-13.139183
../Data/images\RSF5\page_011.png,RSF5,4.962864,-8.87894
../Data/images\RSF5\page_012.png,RSF5,3.678482,-9.797136
../Data/images\RSF5\page_013.png,RSF5,4.2475657,-10.388183
../Data/images\RSF5\page_014.png,RSF5,3.253391,-10.014483
../Data/images\RSF5\page_015.png,RSF5,3.1740375,-10.076511
../Data/images\RSF5\page_016.png,RSF5,6.2127247,-9.422746
../Data/images\RSF5\page_017.png,RSF5,4.2108784,-9.394893
../Data/images\RSF5\page_018.png,RSF5,3.4298387,-9.997153
../Data/images\RSF5\page_019.png,RSF5,3.0739455,-9.9934025
../Data/images\RSF5\page_020.png,RSF5,13.79398,-11.94497
../Data/images\RSF5\page_021.png,RSF5,11.228266,-11.213833
../Data/images\RSF5\page_022.png,RSF5,13.005121,-12.862364
../Data/images\RSF5\page_023.png,RSF5,10.328365,-12.878047
../Data/images\RSF5\page_024.png,RSF5,12.823783,-12.731618
../Data/images\RSF5\page_025.png,RSF5,13.447311,-12.52241
../Data/images\RSF5\page_026.png,RSF5,13.530378,-12.515666
../Data/images\RSF5\page_027.png,RSF5,10.058837,-11.673295
../Data/images\RSF5\page_028.png,RSF5,5.8551207,-12.199291
../Data/images\RSF5\page_029.png,RSF5,9.005726,-12.34353
../Data/images\RSF5\page_030.png,RSF5,9.20154,-12.755913
../Data/images\RSF5\page_031.png,RSF5,10.50509,-13.265072
../Data/images\RSF5\page_032.png,RSF5,4.567395,-9.39311
../Data/images\RSF5\page_033.png,RSF5,9.593005,-11.467047
../Data/images\RSF5\page_034.png,RSF5,2.9320438,-14.97724
../Data/images\RSF5\page_035.png,RSF5,3.0811322,-14.972887
../Data/images\RSF6\page_001.png,RSF6,2.8289297,-15.589665
../Data/images\RSF6\page_002.png,RSF6,6.210289,-11.047733
../Data/images\RSF6\page_003.png,RSF6,5.828944,-12.294358
../Data/images\RSF6\page_004.png,RSF6,6.2338142,-10.850227
../Data/images\RSF6\page_005.png,RSF6,4.6712546,-12.9733
../Data/images\RSF6\page_006.png,RSF6,3.9625945,-14.968993
../Data/images\RSF6\page_007.png,RSF6,4.0668926,-15.05661
../Data/images\RSF6\page_008.png,RSF6,4.0429063,-14.934159
../Data/images\RSF6\page_009.png,RSF6,11.304315,-13.585422
../Data/images\RSF6\page_010.png,RSF6,5.2101927,-10.53517
../Data/images\RSF6\page_011.png,RSF6,6.060246,-9.645462
../Data/images\RSF6\page_012.png,RSF6,6.113424,-9.558176
../Data/images\RSF6\page_013.png,RSF6,5.290719,-10.781568
../Data/images\RSF6\page_014.png,RSF6,4.7661104,-10.043704
../Data/images\RSF6\page_015.png,RSF6,5.338241,-10.344558
../Data/images\RSF6\page_016.png,RSF6,4.9329586,-10.952466
../Data/images\RSF6\page_017.png,RSF6,6.082372,-9.622542
../Data/images\RSF6\page_018.png,RSF6,5.113411,-10.065787
../Data/images\RSF6\page_019.png,RSF6,4.291289,-13.686433
../Data/images\RSF6\page_020.png,RSF6,9.936582,-12.257892
../Data/images\RSF6\page_021.png,RSF6,5.427287,-12.817803
../Data/images\RSF6\page_022.png,RSF6,10.173975,-12.392802
../Data/images\RSF6\page_023.png,RSF6,6.2609797,-10.050758
../Data/images\RSF6\page_024.png,RSF6,11.072293,-12.177536
../Data/images\RSF6\page_025.png,RSF6,13.197764,-12.459629
../Data/images\RSF6\page_026.png,RSF6,10.522418,-12.78443
../Data/images\RSF6\page_027.png,RSF6,4.7248225,-11.630606
../Data/images\RSF6\page_028.png,RSF6,4.706439,-11.642114
../Data/images\RSF6\page_029.png,RSF6,6.0409236,-9.155363
../Data/images\RSF6\page_030.png,RSF6,4.8226123,-11.42193
../Data/images\RSF6\page_031.png,RSF6,3.2121592,-14.74608
../Data/images\RSF6\page_032.png,RSF6,2.8564718,-15.63812
../Data/images\RSF7\page_001.png,RSF7,2.6273503,-15.893207
../Data/images\RSF7\page_002.png,RSF7,1.5288433,-16.134626
../Data/images\RSF7\page_003.png,RSF7,6.1117063,-11.026288
../Data/images\RSF7\page_004.png,RSF7,5.867882,-12.326568
../Data/images\RSF7\page_005.png,RSF7,6.257112,-10.915828
../Data/images\RSF7\page_006.png,RSF7,4.6820817,-12.957586
../Data/images\RSF7\page_007.png,RSF7,3.7852015,-15.044394
../Data/images\RSF7\page_008.png,RSF7,10.354449,-13.397754
../Data/images\RSF7\page_009.png,RSF7,3.4149666,-15.2174015
../Data/images\RSF7\page_010.png,RSF7,10.511927,-13.2937765
../Data/images\RSF7\page_011.png,RSF7,5.7499065,-9.833363
../Data/images\RSF7\page_012.png,RSF7,5.641914,-9.018264
../Data/images\RSF7\page_013.png,RSF7,4.1801267,-9.081637
../Data/images\RSF7\page_014.png,RSF7,5.860845,-10.269551
../Data/images\RSF7\page_015.png,RSF7,6.1538343,-9.610378
../Data/images\RSF7\page_016.png,RSF7,6.078379,-9.281077
../Data/images\RSF7\page_017.png,RSF7,4.674787,-10.04901
../Data/images\RSF7\page_018.png,RSF7,5.6173286,-8.9446
../Data/images\RSF7\page_019.png,RSF7,4.8664784,-9.335457
../Data/images\RSF7\page_020.png,RSF7,5.757165,-10.478978
../Data/images\RSF7\page_021.png,RSF7,4.096021,-13.518641
../Data/images\RSF7\page_022.png,RSF7,4.358774,-10.300065
../Data/images\RSF7\page_023.png,RSF7,3.4874907,-14.443322
../Data/images\RSF7\page_024.png,RSF7,10.905705,-12.3524685
../Data/images\RSF7\page_025.png,RSF7,10.980833,-12.145532
../Data/images\RSF7\page_026.png,RSF7,6.211951,-9.081948
../Data/images\RSF7\page_027.png,RSF7,10.508424,-13.429627
../Data/images\RSF7\page_028.png,RSF7,6.173589,-9.909118
../Data/images\RSF7\page_029.png,RSF7,14.178893,-11.486483
../Data/images\RSF7\page_030.png,RSF7,13.908664,-11.797507
../Data/images\RSF7\page_031.png,RSF7,13.918732,-11.826164
../Data/images\RSF7\page_032.png,RSF7,9.670815,-12.197929
../Data/images\RSF7\page_033.png,RSF7,11.225573,-12.783466
../Data/images\RSF7\page_034.png,RSF7,10.392634,-13.474164
../Data/images\RSF7\page_035.png,RSF7,4.72279,-10.753983
../Data/images\RSF7\page_036.png,RSF7,6.232252,-10.557263
../Data/images\RSF7\page_037.png,RSF7,6.4599996,-10.435361
../Data/images\RSF7\page_038.png,RSF7,6.199028,-9.144267
../Data/images\RSF8\page_001.png,RSF8,2.7939038,-15.725351
../Data/images\RSF8\page_002.png,RSF8,1.4676508,-16.208271
../Data/images\RSF8\page_003.png,RSF8,6.2406874,-10.967833
../Data/images\RSF8\page_004.png,RSF8,6.1265383,-12.264525
../Data/images\RSF8\page_005.png,RSF8,6.27931,-10.888932
../Data/images\RSF8\page_006.png,RSF8,4.6114717,-12.901036
../Data/images\RSF8\page_007.png,RSF8,12.47617,-11.818841
../Data/images\RSF8\page_008.png,RSF8,12.07771,-13.073238
../Data/images\RSF8\page_009.png,RSF8,3.583674,-15.010126
../Data/images\RSF8\page_010.png,RSF8,11.797985,-13.329433
../Data/images\RSF8\page_011.png,RSF8,5.893241,-9.696332
../Data/images\RSF8\page_012.png,RSF8,5.7356668,-9.035213
../Data/images\RSF8\page_013.png,RSF8,5.4937496,-9.125979
../Data/images\RSF8\page_014.png,RSF8,5.739389,-9.772935
../Data/images\RSF8\page_015.png,RSF8,6.1765676,-9.525151
../Data/images\RSF8\page_016.png,RSF8,6.139489,-9.110502
../Data/images\RSF8\page_017.png,RSF8,6.227901,-9.651434
../Data/images\RSF8\page_018.png,RSF8,5.950034,-8.966191
../Data/images\RSF8\page_019.png,RSF8,5.2382016,-9.543204
../Data/images\RSF8\page_020.png,RSF8,5.644906,-9.220057
../Data/images\RSF8\page_021.png,RSF8,5.3840637,-8.812543
../Data/images\RSF8\page_022.png,RSF8,4.5024137,-10.137796
../Data/images\RSF8\page_023.png,RSF8,10.811773,-11.026919
../Data/images\RSF8\page_024.png,RSF8,9.193851,-12.48547
../Data/images\RSF8\page_025.png,RSF8,6.810311,-10.811715
../Data/images\RSF8\page_026.png,RSF8,11.955523,-12.976589
../Data/images\RSF8\page_027.png,RSF8,10.777206,-12.180355
../Data/images\RSF8\page_028.png,RSF8,13.794189,-11.496843
../Data/images\RSF8\page_029.png,RSF8,14.173071,-11.495725
../Data/images\RSF8\page_030.png,RSF8,13.888078,-11.836341
../Data/images\RSF8\page_031.png,RSF8,13.955096,-11.721772
../Data/images\RSF8\page_032.png,RSF8,10.885658,-12.528612
../Data/images\RSF8\page_033.png,RSF8,13.102625,-12.1918545
../Data/images\RSF8\page_034.png,RSF8,11.358749,-12.953152
../Data/images\RSF8\page_035.png,RSF8,8.949671,-12.046427
../Data/images\RSF8\page_036.png,RSF8,6.144924,-10.550424
../Data/images\RSF8\page_037.png,RSF8,7.494387,-10.619585
../Data/images\RSF8\page_038.png,RSF8,5.7372885,-10.361756
../Data/images\RSF8\page_039.png,RSF8,3.8664684,-13.878557
../Data/images\RSF8\page_040.png,RSF8,2.7619994,-15.809511
../Data/images\RSF8\page_041.png,RSF8,5.180873,-9.868537
../Data/images\RSF8\page_042.png,RSF8,4.7988715,-13.215762
